{"stats":{"minecraft:crafted":{"minecraft:oak_boat":1,"minecraft:oak_planks":60,"minecraft:cooked_porkchop":3,"minecraft:crafting_table":1,"minecraft:stick":12,"minecraft:wooden_pickaxe":1,"minecraft:stone_pickaxe":1,"minecraft:furnace":1,"minecraft:stone_axe":1,"minecraft:air":0},"minecraft:mined":{"minecraft:furnace":1,"minecraft:crafting_table":3,"minecraft:short_grass":3,"minecraft:oak_log":29,"minecraft:stone":18,"minecraft:oak_leaves":9},"minecraft:dropped":{"minecraft:wheat_seeds":1},"minecraft:custom":{"minecraft:time_since_rest":18674,"minecraft:interact_with_furnace":3,"minecraft:sprint_one_cm":34138,"minecraft:damage_taken":290,"minecraft:walk_one_cm":25337,"minecraft:mob_kills":7,"minecraft:drop":1,"minecraft:damage_dealt":1084,"minecraft:interact_with_crafting_table":5,"minecraft:swim_one_cm":10965,"minecraft:fly_one_cm":30605,"minecraft:crouch_one_cm":4539,"minecraft:play_time":18674,"minecraft:sneak_time":1620,"minecraft:walk_under_water_one_cm":1807,"minecraft:boat_one_cm":54828,"minecraft:jump":231,"minecraft:time_since_death":18674,"minecraft:leave_game":1,"minecraft:walk_on_water_one_cm":2180,"minecraft:total_world_time":18674,"minecraft:fall_one_cm":5021},"minecraft:killed":{"minecraft:zombie":1,"minecraft:pig":3,"minecraft:spider":2,"minecraft:cow":1},"minecraft:picked_up":{"minecraft:stick":2,"minecraft:crafting_table":3,"minecraft:cooked_porkchop":3,"minecraft:leather":1,"minecraft:porkchop":6,"minecraft:oak_log":29,"minecraft:carrot":1,"minecraft:rotten_flesh":2,"minecraft:wheat_seeds":1,"minecraft:beef":1,"minecraft:oak_boat":2,"minecraft:oak_planks":38,"minecraft:cobblestone":18,"minecraft:furnace":1},"minecraft:used":{"minecraft:stone_pickaxe":8,"minecraft:wooden_pickaxe":12,"minecraft:stone_axe":43,"minecraft:crafting_table":3,"minecraft:furnace":1,"minecraft:cooked_porkchop":2,"minecraft:oak_boat":2}},"DataVersion":3953}