{"stats":{"minecraft:mined":{"minecraft:short_grass":2},"minecraft:dropped":{"minecraft:wheat_seeds":1},"minecraft:custom":{"minecraft:jump":68,"minecraft:time_since_rest":6674,"minecraft:leave_game":1,"minecraft:play_time":6674,"minecraft:sprint_one_cm":7793,"minecraft:damage_taken":20,"minecraft:time_since_death":6674,"minecraft:walk_one_cm":4223,"minecraft:total_world_time":6674,"minecraft:drop":1,"minecraft:fall_one_cm":2076,"minecraft:fly_one_cm":10016},"minecraft:picked_up":{"minecraft:wheat_seeds":1}},"DataVersion":3953}