{"stats":{"minecraft:crafted":{"minecraft:furnace":2,"minecraft:oak_planks":36,"minecraft:stone_axe":1,"minecraft:crafting_table":1,"minecraft:stick":8,"minecraft:wooden_pickaxe":1,"minecraft:stone_pickaxe":1},"minecraft:mined":{"minecraft:short_grass":1,"minecraft:oak_log":9,"minecraft:iron_ore":4,"minecraft:cobblestone":1,"minecraft:stone":48,"minecraft:oak_leaves":3,"minecraft:crafting_table":2},"minecraft:custom":{"minecraft:crouch_one_cm":549,"minecraft:time_since_rest":10174,"minecraft:play_time":10174,"minecraft:sprint_one_cm":8939,"minecraft:walk_one_cm":29865,"minecraft:sneak_time":193,"minecraft:mob_kills":3,"minecraft:jump":107,"minecraft:damage_dealt":380,"minecraft:time_since_death":10174,"minecraft:total_world_time":10174,"minecraft:interact_with_crafting_table":3,"minecraft:fall_one_cm":1165,"minecraft:fly_one_cm":6151},"minecraft:picked_up":{"minecraft:raw_iron":4,"minecraft:stick":3,"minecraft:crafting_table":2,"minecraft:beef":1,"minecraft:oak_log":9,"minecraft:oak_sapling":2,"minecraft:mutton":2,"minecraft:white_wool":1,"minecraft:cobblestone":49},"minecraft:killed":{"minecraft:sheep":1,"minecraft:zombie":1,"minecraft:cow":1},"minecraft:used":{"minecraft:stone_axe":5,"minecraft:cobblestone":2,"minecraft:crafting_table":2,"minecraft:stone_pickaxe":11,"minecraft:wooden_pickaxe":42}},"DataVersion":3953}